peptide_id,sequence,final_reward,seq_log_prob_before_rl,seq_log_prob_after_rl,delta_log_prob
pep_002,GLWERWYSITTRRYA,0.1498856060955017,-20.088465,-19.83606,0.25240517
pep_003,TFFYLGRRRQG,0.1476823039550116,-24.402046,-24.2615,0.1405468
pep_004,KVGTGKILKFQSLTLKL,0.1365632629444108,-45.643723,-45.784786,-0.14106369
pep_001,VQIKIWYKN,0.1363188710495692,-11.805518,-11.886156,-0.08063793
pep_000,YAFGVGGRGLVFSDR,0.1363050304470087,-33.278507,-33.51622,-0.23771286
