peptide_id,sequence,final_reward,seq_log_prob_before_rl,seq_log_prob_after_rl,delta_log_prob
pep_002,LVPQTYLLKGKPKYNH,0.1502117813896193,-39.159817,-38.898163,0.2616539
pep_003,MVYYRTVWPENH,0.1481229413881666,-25.301807,-25.158016,0.1437912
pep_004,PFLNLPPNRY,0.1375668699535339,-24.720581,-24.781399,-0.06081772
pep_001,YPFPNHTG,0.136518180503748,-17.101131,-17.190212,-0.08908081
pep_000,NFPFAPLGSH,0.1363050304470087,-27.376438,-27.496561,-0.12012291
