peptide_id,sequence,final_reward,seq_log_prob_before_rl,seq_log_prob_after_rl,delta_log_prob
pep_002,RGVFPFSMGIA,0.1502117813896193,-37.695854,-37.505737,0.19011688
pep_003,QAKYLVPFGNH,0.1481229413881666,-29.64162,-29.49628,0.14533997
pep_004,NYHHPFPFPNRG,0.1375668699535339,-26.585617,-26.721231,-0.1356144
pep_001,SNTVGVTHNQYH,0.136518180503748,-36.313522,-36.390564,-0.077041626
pep_000,FFPGPGYSGKVG,0.1363050304470087,-28.643976,-28.78474,-0.14076424
