sequence,temperature,n_amino_acids,length,net_charge_proxy,charge_density,hydrophobic_fraction,aromatic_fraction,cysteine_count,cysteine_fraction,proline_fraction,glycine_fraction,bbb_cpp_like_score,synthesis_developability_score,safety_toxicity_proxy_score,cheap_pre_af_score,length_preference,charge_preference,cysteine_preference,cheap_pre_af_score_refined,cheap_rank,peptide_id
FFPGPGYSGKVG,1.0,12,12,1,0.08333333333333333,0.3333333333333333,0.25,0,0.0,0.16666666666666666,0.3333333333333333,0.9999999999999999,1.0,1.0,1.0,1.0,1.0,1.0,1.0,1,pep_000
SNTVGVTHNQYH,1.0,12,12,2,0.16666666666666666,0.25,0.08333333333333333,0,0.0,0.0,0.08333333333333333,0.9999999999999999,1.0,1.0,1.0,1.0,1.0,1.0,1.0,2,pep_001
RGVFPFSMGIA,1.0,11,11,1,0.09090909090909091,0.5454545454545454,0.18181818181818182,0,0.0,0.09090909090909091,0.18181818181818182,0.9999999999999999,1.0,1.0,1.0,1.0,1.0,1.0,1.0,3,pep_002
QAKYLVPFGNH,1.0,11,11,2,0.18181818181818182,0.45454545454545453,0.18181818181818182,0,0.0,0.09090909090909091,0.09090909090909091,0.9999999999999999,1.0,1.0,1.0,1.0,1.0,1.0,1.0,4,pep_003
NYHHPFPFPNRG,1.0,12,12,3,0.25,0.25,0.25,0,0.0,0.25,0.08333333333333333,0.9999999999999999,1.0,1.0,1.0,1.0,1.0,1.0,1.0,5,pep_004
