sequence,temperature,n_amino_acids,length,net_charge_proxy,charge_density,hydrophobic_fraction,aromatic_fraction,cysteine_count,cysteine_fraction,proline_fraction,glycine_fraction,bbb_cpp_like_score,synthesis_developability_score,safety_toxicity_proxy_score,cheap_pre_af_score,length_preference,charge_preference,cysteine_preference,cheap_pre_af_score_refined,cheap_rank,peptide_id
YAFGVGGRGLVFSDR,1.0,15,15,1,0.06666666666666667,0.4666666666666667,0.2,0,0.0,0.0,0.26666666666666666,0.9999999999999999,1.0,1.0,1.0,1.0,1.0,1.0,1.0,1,pep_000
VQIKIWYKN,1.0,9,9,2,0.2222222222222222,0.5555555555555556,0.2222222222222222,0,0.0,0.0,0.0,0.9944444444444444,1.0,1.0,0.9977777777777778,1.0,1.0,1.0,0.9982222222222223,2,pep_001
GLWERWYSITTRRYA,1.0,15,15,2,0.13333333333333333,0.4666666666666667,0.26666666666666666,0,0.0,0.0,0.06666666666666667,0.9916666666666666,1.0,1.0,0.9966666666666666,1.0,1.0,1.0,0.9973333333333334,3,pep_002
TFFYLGRRRQG,1.0,11,11,3,0.2727272727272727,0.36363636363636365,0.2727272727272727,0,0.0,0.0,0.18181818181818182,0.9886363636363635,1.0,1.0,0.9954545454545454,1.0,1.0,1.0,0.9963636363636363,4,pep_003
KVGTGKILKFQSLTLKL,1.0,17,17,4,0.23529411764705882,0.4117647058823529,0.058823529411764705,0,0.0,0.0,0.11764705882352941,0.9999999999999999,1.0,1.0,1.0,0.8888888888888888,1.0,1.0,0.9911111111111113,5,pep_004
