sequence,temperature,n_amino_acids,length,net_charge_proxy,charge_density,hydrophobic_fraction,aromatic_fraction,cysteine_count,cysteine_fraction,proline_fraction,glycine_fraction,bbb_cpp_like_score,synthesis_developability_score,safety_toxicity_proxy_score,cheap_pre_af_score,length_preference,charge_preference,cysteine_preference,cheap_pre_af_score_refined,cheap_rank,peptide_id
SKYPYPRR,1.0,8,8,3,0.375,0.25,0.25,0,0.0,0.25,0.0,0.9999999999999999,1.0,1.0,1.0,1.0,1.0,1.0,1.0,1,pep_000
HAFFLGSRGSR,1.0,11,11,3,0.2727272727272727,0.36363636363636365,0.18181818181818182,0,0.0,0.0,0.18181818181818182,0.9999999999999999,1.0,1.0,1.0,1.0,1.0,1.0,1.0,2,pep_001
TAYPTFNHRSRM,1.0,12,12,3,0.25,0.3333333333333333,0.16666666666666666,0,0.0,0.08333333333333333,0.0,0.9999999999999999,1.0,1.0,1.0,1.0,1.0,1.0,1.0,3,pep_002
VQIYPKGKG,1.0,9,9,2,0.2222222222222222,0.3333333333333333,0.1111111111111111,0,0.0,0.1111111111111111,0.2222222222222222,0.9999999999999999,1.0,1.0,1.0,1.0,1.0,1.0,1.0,4,pep_003
RVVTKKTTFH,1.0,10,10,4,0.4,0.3,0.1,0,0.0,0.0,0.0,0.9999999999999999,1.0,1.0,1.0,1.0,1.0,1.0,1.0,5,pep_004
