sequence,temperature,n_amino_acids,length,net_charge_proxy,charge_density,hydrophobic_fraction,aromatic_fraction,cysteine_count,cysteine_fraction,proline_fraction,glycine_fraction,bbb_cpp_like_score,synthesis_developability_score,safety_toxicity_proxy_score,cheap_pre_af_score,length_preference,charge_preference,cysteine_preference,cheap_pre_af_score_refined,cheap_rank,peptide_id
SFLVGYPPFQRNGT,1.0,14,14,1,0.07142857142857142,0.35714285714285715,0.21428571428571427,0,0.0,0.14285714285714285,0.14285714285714285,0.9999999999999999,1.0,1.0,1.0,1.0,1.0,1.0,1.0,1,pep_000
LTPSHFTP,1.0,8,8,1,0.125,0.25,0.125,0,0.0,0.25,0.0,0.9999999999999999,1.0,1.0,1.0,1.0,1.0,1.0,1.0,2,pep_001
QQIRIYGGR,1.0,9,9,2,0.2222222222222222,0.3333333333333333,0.1111111111111111,0,0.0,0.0,0.2222222222222222,0.9999999999999999,1.0,1.0,1.0,1.0,1.0,1.0,1.0,3,pep_002
FLGKINRIPNRNA,1.0,13,13,3,0.23076923076923078,0.38461538461538464,0.07692307692307693,0,0.0,0.07692307692307693,0.07692307692307693,0.9999999999999999,1.0,1.0,1.0,1.0,1.0,1.0,1.0,4,pep_003
ALWMVVYSPTTRRYNH,1.0,16,16,3,0.1875,0.5,0.1875,0,0.0,0.0625,0.0,0.9999999999999999,1.0,1.0,1.0,1.0,1.0,1.0,1.0,5,pep_004
