sequence,temperature,n_amino_acids,length,net_charge_proxy,charge_density,hydrophobic_fraction,aromatic_fraction,cysteine_count,cysteine_fraction,proline_fraction,glycine_fraction,bbb_cpp_like_score,synthesis_developability_score,safety_toxicity_proxy_score,cheap_pre_af_score,length_preference,charge_preference,cysteine_preference,cheap_pre_af_score_refined,cheap_rank,peptide_id
LIVVYPVNTGNH,1.0,12,12,1,0.08333333333333333,0.5,0.08333333333333333,0,0.0,0.08333333333333333,0.08333333333333333,0.9999999999999999,1.0,1.0,1.0,1.0,1.0,1.0,1.0,1,pep_000
HAPFQQPH,1.0,8,8,2,0.25,0.25,0.125,0,0.0,0.25,0.0,0.9999999999999999,1.0,1.0,1.0,1.0,1.0,1.0,1.0,2,pep_001
YAFDVGGRGRRRG,1.0,13,13,3,0.23076923076923078,0.3076923076923077,0.15384615384615385,0,0.0,0.0,0.3076923076923077,0.9999999999999999,1.0,1.0,1.0,1.0,1.0,1.0,1.0,3,pep_002
RLFMRVYSPTTRTTG,1.0,15,15,3,0.2,0.3333333333333333,0.13333333333333333,0,0.0,0.06666666666666667,0.06666666666666667,0.9999999999999999,1.0,1.0,1.0,1.0,1.0,1.0,1.0,4,pep_003
KFVQTGYGRP,1.0,10,10,2,0.2,0.3,0.2,0,0.0,0.1,0.2,0.9999999999999999,1.0,1.0,1.0,1.0,1.0,1.0,1.0,5,pep_004
