sequence,temperature,n_amino_acids,length,net_charge_proxy,charge_density,hydrophobic_fraction,aromatic_fraction,cysteine_count,cysteine_fraction,proline_fraction,glycine_fraction,bbb_cpp_like_score,synthesis_developability_score,safety_toxicity_proxy_score,cheap_pre_af_score,length_preference,charge_preference,cysteine_preference,cheap_pre_af_score_refined,cheap_rank,peptide_id
PFFIGGRVP,1.0,9,9,1,0.1111111111111111,0.4444444444444444,0.2222222222222222,0,0.0,0.2222222222222222,0.2222222222222222,0.9999999999999999,1.0,1.0,1.0,1.0,1.0,1.0,1.0,1,pep_000
YGFKIDFNIQIGK,1.0,13,13,1,0.07692307692307693,0.46153846153846156,0.23076923076923078,0,0.0,0.0,0.15384615384615385,0.9999999999999999,1.0,1.0,1.0,1.0,1.0,1.0,1.0,2,pep_001
KIWFVKTGK,1.0,9,9,3,0.3333333333333333,0.4444444444444444,0.2222222222222222,0,0.0,0.0,0.1111111111111111,0.9999999999999999,1.0,1.0,1.0,1.0,1.0,1.0,1.0,3,pep_002
FFVVGQRLRRLNGQPH,1.0,16,16,4,0.25,0.375,0.125,0,0.0,0.0625,0.125,0.9999999999999999,1.0,1.0,1.0,1.0,1.0,1.0,1.0,4,pep_003
RKIPFRENMNKDV,1.0,13,13,2,0.15384615384615385,0.3076923076923077,0.07692307692307693,0,0.0,0.07692307692307693,0.0,0.9999999999999999,1.0,1.0,1.0,1.0,1.0,1.0,1.0,5,pep_004
TKPVRQFENINN,1.0,12,12,1,0.08333333333333333,0.25,0.08333333333333333,0,0.0,0.08333333333333333,0.0,0.9999999999999999,1.0,1.0,1.0,1.0,1.0,1.0,1.0,6,pep_005
IPKDSNRF,1.0,8,8,1,0.125,0.25,0.125,0,0.0,0.125,0.0,0.9999999999999999,1.0,1.0,1.0,1.0,1.0,1.0,1.0,7,pep_006
YAPNIQTFH,1.0,9,9,1,0.1111111111111111,0.4444444444444444,0.2222222222222222,0,0.0,0.1111111111111111,0.0,0.9999999999999999,1.0,1.0,1.0,1.0,1.0,1.0,1.0,8,pep_007
VRVKRQYSA,1.0,9,9,3,0.3333333333333333,0.4444444444444444,0.1111111111111111,0,0.0,0.0,0.0,0.9999999999999999,1.0,1.0,1.0,1.0,1.0,1.0,1.0,9,pep_008
ARLFSGYSPTNF,1.0,12,12,1,0.08333333333333333,0.4166666666666667,0.25,0,0.0,0.08333333333333333,0.08333333333333333,0.9999999999999999,1.0,1.0,1.0,1.0,1.0,1.0,1.0,10,pep_009
