sequence,temperature,n_amino_acids,length,net_charge_proxy,charge_density,hydrophobic_fraction,aromatic_fraction,cysteine_count,cysteine_fraction,proline_fraction,glycine_fraction,bbb_cpp_like_score,synthesis_developability_score,safety_toxicity_proxy_score,cheap_pre_af_score,length_preference,charge_preference,cysteine_preference,cheap_pre_af_score_refined,cheap_rank,peptide_id
PVRPQQPRPLYYYH,1.0,14,14,3,0.21428571428571427,0.35714285714285715,0.21428571428571427,0,0.0,0.2857142857142857,0.0,0.9999999999999999,1.0,1.0,1.0,1.0,1.0,1.0,1.0,1,pep_000
RLFMPMVYPTTG,1.0,12,12,1,0.08333333333333333,0.5,0.16666666666666666,0,0.0,0.16666666666666666,0.08333333333333333,0.9999999999999999,1.0,1.0,1.0,1.0,1.0,1.0,1.0,2,pep_001
YPRGALPH,1.0,8,8,2,0.25,0.375,0.125,0,0.0,0.25,0.125,0.9999999999999999,1.0,1.0,1.0,1.0,1.0,1.0,1.0,3,pep_002
TRPPWVRPYLNH,1.0,12,12,3,0.25,0.3333333333333333,0.16666666666666666,0,0.0,0.25,0.0,0.9999999999999999,1.0,1.0,1.0,1.0,1.0,1.0,1.0,4,pep_003
GYFAAGPERRRGY,1.0,13,13,2,0.15384615384615385,0.38461538461538464,0.23076923076923078,0,0.0,0.07692307692307693,0.23076923076923078,0.9999999999999999,1.0,1.0,1.0,1.0,1.0,1.0,1.0,5,pep_004
TKFKGEQFSPYP,1.0,12,12,1,0.08333333333333333,0.25,0.25,0,0.0,0.16666666666666666,0.08333333333333333,0.9999999999999999,1.0,1.0,1.0,1.0,1.0,1.0,1.0,6,pep_005
VYRPPRLFVRNH,1.0,12,12,4,0.3333333333333333,0.4166666666666667,0.16666666666666666,0,0.0,0.16666666666666666,0.0,0.9999999999999999,1.0,1.0,1.0,1.0,1.0,1.0,1.0,7,pep_006
PQIYRPRN,1.0,8,8,2,0.25,0.25,0.125,0,0.0,0.25,0.0,0.9999999999999999,1.0,1.0,1.0,1.0,1.0,1.0,1.0,8,pep_007
IPAYLPTNH,1.0,9,9,1,0.1111111111111111,0.4444444444444444,0.1111111111111111,0,0.0,0.2222222222222222,0.0,0.9999999999999999,1.0,1.0,1.0,1.0,1.0,1.0,1.0,9,pep_008
VLQQKLPWQQNMKGYP,1.0,16,16,2,0.125,0.375,0.125,0,0.0,0.125,0.0625,0.9999999999999999,1.0,1.0,1.0,1.0,1.0,1.0,1.0,10,pep_009
